horizon,mse,rmse,mae,mape,mdape,smape,coverage
9 days,50243542.1583579,7088.267923714361,4551.132542094,0.321522041288235,0.2512855782892127,0.37054252929236353,0.7
10 days,50481454.630115636,7105.030234285821,4593.255659060142,0.3356018570325511,0.27562370118675455,0.3911030431994308,0.7
11 days,17491150.688312214,4182.24230387387,3248.7637780294417,0.37745007138568726,0.27562370118675455,0.3611287075373145,0.8
12 days,17494497.609294657,4182.64241948731,3251.743417507242,0.3771821076787111,0.27562370118675455,0.360844205825097,0.8
13 days,19648067.991571315,4432.614126175582,3536.743671759866,0.42082247917823806,0.36779010781635235,0.4231864389966665,0.8
14 days,17485298.231004838,4181.54256596831,3325.8238770896787,0.41690654836789454,0.3671391574999826,0.4128900808709514,0.85
15 days,15090985.817493621,3884.7118062339737,2996.9254462330305,0.3949117179531634,0.3671391574999826,0.38679797820875944,0.9
16 days,11152018.037567068,3339.4637350279863,2704.1883347281514,0.3844735148768164,0.3671391574999826,0.36879521087546874,1.0
17 days,18247009.325782876,4271.651826376171,3286.416638878634,0.37841056912252,0.3671391574999826,0.4138720981939013,0.9
18 days,18956193.769398168,4353.871124573874,3495.2785086297276,0.4055561799765261,0.3865725345887493,0.4351425685507596,0.9
19 days,18037023.48483975,4247.001705302195,3204.956664058168,0.3653770813439766,0.3398606284483411,0.3841727648281009,0.9
20 days,16194187.309733963,4024.200207461597,3058.090387015822,0.3271123939805236,0.3398606284483411,0.37697906788666613,0.9
21 days,18147712.155470014,4260.013163767222,3306.051179564077,0.4993266773570724,0.3916512352969904,0.4296792522739385,0.9
22 days,16717623.392265469,4088.719040514458,3057.9964618489876,0.46893953405335925,0.3034052830198002,0.3884263598830474,0.9
23 days,18241456.750247754,4271.0018438590905,3321.6743772641726,0.5103409371171898,0.3916512352969904,0.4167219418035925,0.9
24 days,18502431.01428785,4301.445223908803,3448.755409773691,0.523853997573829,0.3916512352969904,0.4318385593547422,0.9
25 days,17818313.814045638,4221.174459086669,3379.1783212239534,0.5677687586479427,0.43684502804695713,0.4383241183854424,0.9
26 days,10078241.363338098,3174.6246019550244,2670.4232072728564,0.5219643657521145,0.3034052830198002,0.3585382019726778,1.0
27 days,34208512.332047835,5848.804350638499,4591.490109639598,0.5991758385854828,0.4769160308777258,0.49183449826487047,0.8
28 days,34430236.24786072,5867.728372024451,4651.181940466514,0.589863907213586,0.36363650150466265,0.49087531731994494,0.8
29 days,36866425.49824058,6071.772846396724,4972.500889990438,0.6615725371762389,0.5372596122347375,0.5271797381629865,0.8
30 days,33396905.698824696,5779.005597749901,4391.882187914137,0.4501167919341221,0.36363650150466265,0.4247906166649059,0.8
31 days,34623531.40601416,5884.17635748744,4661.1983095476835,0.5034803206198726,0.5334015276040196,0.4635933878355619,0.8
32 days,33421451.295099813,5781.128894523959,4478.858530883235,0.46051669044399796,0.36363650150466265,0.43828797211744763,0.8
33 days,36200662.45120032,6016.698633902177,4865.403947184686,0.5491618756049214,0.5334015276040196,0.48842111065605065,0.8
34 days,48977588.9182307,6998.399025365065,5468.383529753695,0.4900133720775514,0.432353019900194,0.4686907878078695,0.7
35 days,36673426.79870979,6055.858882000949,4481.555899258214,0.45746017359172786,0.3565535102062115,0.4081287588925092,0.8
36 days,24486306.39882741,4948.364012360794,3536.9802091064316,0.4237900394117478,0.2670197062726444,0.34667680106144,0.9
37 days,23639137.331335653,4862.00959802998,3272.4922005643634,0.39635848313244476,0.2406177422638261,0.3143972484779553,0.9
38 days,21001676.645847503,4582.758628364307,2926.305544114358,0.32497321555506753,0.2406177422638261,0.27573916248031727,0.9
39 days,21652764.845904313,4653.253146552884,3173.1418636818935,0.34614094413497176,0.2406177422638261,0.2995457693680973,0.9
40 days,20774352.005733542,4557.888985674568,3019.281347538093,0.3021423179990924,0.2259494605627126,0.2724645791502327,0.9
41 days,17732410.12874626,4210.986835499045,2557.450892374703,0.25306885927330813,0.2259494605627126,0.2976941337523826,0.9
42 days,10843383.183762055,3292.9292709929337,2201.269186302338,0.26025651445007897,0.2259494605627126,0.30466637961589527,0.95
43 days,3929012.78947784,1982.1737536043202,1840.3447631239105,0.3066943883404651,0.2406177422638261,0.32716766382438467,1.0
44 days,12256689.06957961,3500.9554509561544,2643.0451794090286,0.3548553253463187,0.2711848434813458,0.3586083217845428,0.9
45 days,12135848.561747385,3483.6544836920016,2599.1637507366368,0.35184578239620484,0.2621012402510148,0.3604100748896044,0.9
46 days,13992129.82104979,3740.6055420278935,3003.003903279031,0.38012307325958383,0.30181548041054346,0.3938493508328817,0.9
47 days,32592900.51306312,5709.019225143941,4174.75852154803,0.40378478116687394,0.30181548041054346,0.4516458952488726,0.8
48 days,37354532.57580873,6111.835450648908,4658.906246066734,0.4686940613134206,0.46407181581247814,0.5709726860033265,0.7
49 days,62447536.77667104,7902.375388240616,6087.448744619832,0.4980466579155025,0.46407181581247814,0.6156764509997361,0.6
50 days,67048257.47668336,8188.300035824491,6622.167347461427,0.5075867559431816,0.5522477361206781,0.620731062072178,0.5
51 days,72735076.11620125,8528.486156182775,7153.451063792518,0.5061152315772872,0.5522477361206781,0.6186943623117898,0.4
52 days,72034626.48819736,8487.321514364668,6897.591708653919,0.43811640258991585,0.3899914007187434,0.5688563071263036,0.4
53 days,69179947.64359894,8317.44838538833,6726.563761944318,0.5372466401652345,0.3899914007187434,0.6079414969814083,0.4
54 days,71553065.64245924,8458.90451787105,7111.523819657751,0.5494147682891598,0.4051536896586036,0.6241450169228749,0.4
55 days,60915797.19763155,7804.857282335888,6335.395359644074,0.5289479933533553,0.4051536896586036,0.6085801385079758,0.4
56 days,59040639.92335327,7683.7907261555,6185.285005691766,0.5031211497963834,0.4051536896586036,0.5574175147213858,0.45
57 days,59071246.18990984,7685.782080563425,6254.870600947169,0.48141127884648904,0.31809496337821974,0.5118808139129218,0.5
58 days,38448706.46819151,6200.702094778583,5351.6720772688295,0.44281394850803346,0.30270557868539993,0.44315339218383104,0.5
59 days,34058987.48015402,5836.007837567906,4876.331138013659,0.43079603865281724,0.30270557868539993,0.4101154971202886,0.6
60 days,31826784.05783934,5641.523203695908,4722.115998194633,0.49977668402013914,0.31809496337821974,0.4417193083176295,0.6
61 days,36269276.666503824,6022.397916652787,5379.744284140634,0.5296144574709991,0.3224235852359232,0.47755876157757193,0.5
62 days,52903615.40731432,7273.487155918701,6062.706532975526,0.3965826927758641,0.3138996330829836,0.4339353041024864,0.5
63 days,48041956.49025692,6931.230517754904,5708.840730045494,0.37596513239492996,0.3138996330829836,0.3955352669878317,0.55
64 days,43848187.08520728,6621.796363918727,5497.175566146257,0.3608475042263889,0.30270557868539993,0.35951163655655405,0.6
65 days,43747778.4615788,6614.210343009874,5481.284814783894,0.3502506514720065,0.30270557868539993,0.34619034308533264,0.6
66 days,45007037.7014248,6708.728471284614,5586.86280310726,0.4124902858016064,0.3070342005431034,0.3731368506342889,0.5
67 days,44701399.50670141,6685.910521888653,5564.349122157974,0.4858975151855889,0.3408688100872864,0.40640006957269853,0.6
68 days,44244274.93759803,6651.637011863923,5407.33206944194,0.4533410871359539,0.30605119652333035,0.3793637895079508,0.6
69 days,35968678.43855047,5997.389301900492,4355.658028678061,0.33850592192975354,0.18373663714981167,0.2915367396625956,0.8
70 days,24033344.530475967,4902.381516209848,3599.2422968135043,0.32233109557969103,0.179196105836564,0.26933071978093814,0.85
71 days,14021405.92508851,3744.516781253425,3119.1080158292743,0.31597857313244215,0.179196105836564,0.25104614723358654,0.9
72 days,20269072.93122657,4502.118715807766,3762.571334548092,0.3326919345371568,0.20049998537569275,0.27252063104165813,0.8
73 days,24074597.322264332,4906.587135908659,4145.217611589309,0.39062242744618936,0.24507097357651322,0.31026285829561245,0.7
74 days,24019708.06569252,4900.9905188331595,4136.173915215938,0.39418306145775406,0.2461107954084557,0.3145641482849563,0.7
75 days,19825463.80346123,4452.5794550419005,3531.470474705982,0.3031905107489821,0.1969992758943876,0.2531714727093636,0.8
76 days,30538056.70681279,5526.124926819226,4533.885298513831,0.4509223284133809,0.2461107954084557,0.3322781123863739,0.6
77 days,31385559.95938822,5602.281674406261,4722.801358193571,0.47374392662652864,0.29927534662668065,0.36022916518225273,0.6
78 days,35389374.15474815,5948.896885536692,5238.432038231385,0.5128043725636375,0.31077150438746765,0.3901237026808042,0.5
79 days,34960238.16218032,5912.718339493293,5062.596812850618,0.4951089061530838,0.31077150438746765,0.3703179073932172,0.5
80 days,46854643.06211485,6845.045146828094,5770.462466982726,0.5115645331682016,0.38795678592695715,0.4041996638847446,0.4
81 days,42023045.04180132,6482.518418161364,5373.646251916665,0.5447926953438079,0.46274772032207545,0.41552978501392135,0.5
82 days,40570284.15198275,6369.480681498512,5258.536365868514,0.4883267281230991,0.3815534817022693,0.3838695582750052,0.6
83 days,40021913.72111333,6326.287514894761,5177.229381509766,0.49430340685854013,0.3815534817022693,0.38520926281705814,0.6
84 days,32644400.008667387,5713.527807639286,4460.131636666595,0.38692019235128894,0.26688145774221667,0.3318712341657718,0.7
85 days,28470357.6434107,5335.762142694397,4177.524677972969,0.3197335432851603,0.26688145774221667,0.3026610121051983,0.8
86 days,27874528.19111641,5279.63333870037,4064.2726142186575,0.30215015772912157,0.22454024444691506,0.28049696440055805,0.8
87 days,30412024.952409524,5514.709870193492,4237.375079856496,0.2977538973224234,0.22454024444691506,0.2962662558331114,0.8
88 days,37225366.62297651,6101.2594292470885,5029.398989773124,0.3437142014509481,0.32609439432853193,0.35726463332841873,0.7
89 days,26242691.201889157,5122.7620676632205,4407.660817832735,0.3443881080580701,0.32609439432853193,0.3354965671654926,0.8
90 days,23030188.59894011,4798.977870228213,3981.333321812027,0.3084361339895804,0.31125073307401063,0.32172918736228295,0.8
